Madrid,http://www.beedigital.es?utm_campaign=paginasamarillas&utm_source=paginasamarillas&utm_medium=referral,
Madrid,https://www.hadronsystems.es/,ssd@hadron.systems, sd@hadron.systems, ssd@hadron.systems
Madrid,https://www.lapcom.net/,luispuertas@lapcom.es
Madrid,http://www.threethingsconsultoria.es?utm_campaign=paginasamarillas&utm_source=paginasamarillas&utm_medium=referral,alejandro@ttco.es, julio@ttco.es, ALRIOBOO@YAHOO.ES
Madrid,https://masquepcs.es/,info@masquepcs.net, info@masquepcs.net
Madrid,https://www.condepalmeiro.es/,info@condepalmeiro.es, info@condepalmeiro.es, info@condepalmeiro.es, info@condepalmeiro.es, info@condepalmeiro.es, info@condepalmeiro.es, info@condepalmeiro.es
Madrid,http://www.sarcorem.org?utm_campaign=paginasamarillas&utm_source=paginasamarillas&utm_medium=referral,comercial@sarcorem.com, comercial@sarcorem.com, comercial@sarcorem.com, comercial@sarcorem.com
Madrid,http://sunprored.es?utm_campaign=paginasamarillas&utm_source=paginasamarillas&utm_medium=referral,comercial@sunprored.es, info@sunprored.es
Madrid,https://www.support-dynamics365.com,
Madrid,http://www.fxpoint.es?utm_campaign=paginasamarillas&utm_source=paginasamarillas&utm_medium=referral,fxpoint46@gmail.com, fxpoint46@gmail.com, fxpoint46@gmail.com
Madrid,https://avatarinformatica.es/,
Madrid,http://www.eurodatasolution.com?utm_campaign=paginasamarillas&utm_source=paginasamarillas&utm_medium=referral,eli@edseurodata.es, eli@edseurodata.es, eli@edseurodata.es, eli@edseurodata.es, eli@edseurodata.es, abuse@company.site, eli@edseurodata.es, eli@edseurodata.es, eli@edseurodata.es, abuse@company.site
Madrid,https://www.conersis.com/,info@conersis.com, info@conersis.com, info@conersis.com, info@conersis.com, info@conersis.com, info@conersis.com, info@conersis.com
Madrid,http://www.visoinformatica.es?utm_campaign=paginasamarillas&utm_source=paginasamarillas&utm_medium=referral,viso@visoinformatica.com, viso@visoinformatica.com, viso@visoinformatica.com, viso@visoinformatica.com, viso@visoinformatica.com
Madrid,http://www.agenciastorga.com?utm_campaign=paginasamarillas&utm_source=paginasamarillas&utm_medium=referral,info@agenciastorga.com, info@agenciastorga.com, info@agenciastorga.com, info@agenciastorga.com
Madrid,http://www.serwin.es?utm_campaign=paginasamarillas&utm_source=paginasamarillas&utm_medium=referral,jcaballero@serwin.es, jcaballero@serwin.es, jcaballero@serwin.es, jcaballero@serwin.es, jcaballero@serwin.es
Barcelona,https://www.mobileplustecnology.es/,mobileplustecnology@gmail.com, mobileplustecnology@gmail.com, mobileplustecnology@gmail.com, mobileplustecnology@gmail.com, mobileplustecnology@gmail.com, mobileplustecnology@gmail.com, mobileplustecnology@gmail.com
Barcelona,http://www.accensit.com?utm_campaign=paginasamarillas&utm_source=paginasamarillas&utm_medium=referral,
Barcelona,https://outder.app,
Barcelona,http://www.mpaymentss.com?utm_campaign=paginasamarillas&utm_source=paginasamarillas&utm_medium=referral,info@mpservices.com, info@mpservices.com, info@mpservices.com
Barcelona,http://www.mantenimientovip.com?utm_campaign=paginasamarillas&utm_source=paginasamarillas&utm_medium=referral,info@mantenimientovip.com, info@mantenimientovip.com
Barcelona,http://www.barrel.cloud?utm_campaign=paginasamarillas&utm_source=paginasamarillas&utm_medium=referral,support@themesbrand.com
Barcelona,http://www.felixpenya.com?utm_campaign=paginasamarillas&utm_source=paginasamarillas&utm_medium=referral,info@felixpenya.com, info@felixpenya.com, info@felixpenya.com, info@felixpenya.com, info@felixpenya.com
Barcelona,http://www.insmasol.com?utm_campaign=paginasamarillas&utm_source=paginasamarillas&utm_medium=referral,info@insmasol.com, info@insmasol.com, info@insmasol.com, info@insmasol.com, info@insmasol.com, tecnica@insmasol.com, tecnica@insmasol.com, info@insmasol.com
Barcelona,http://www.ossistemes.com?utm_campaign=paginasamarillas&utm_source=paginasamarillas&utm_medium=referral,info@ossistemes.com, info@ossistemes.com
Barcelona,https://www.antares-sci.com/,info@antares-sci.com, info@antares-sci.com, info@antares-sci.com, antares@antares-sistemas.com, info@antares-sci.com, antares@antares-sistemas.com, info@antares-sci.com, info@antares-sci.com, antares@antares-sistemas.com, antares@antares-sistemas.com
Barcelona,https://visionary.es/,joanrof03@gmail.com
Barcelona,http://www.bitendian.com?utm_campaign=paginasamarillas&utm_source=paginasamarillas&utm_medium=referral,info@bitendian.com
Barcelona,http://www.datemgroup.com?utm_campaign=paginasamarillas&utm_source=paginasamarillas&utm_medium=referral,xavier.bartolome@datemgroup.com
Barcelona,https://rendersahora.com/,info@rendersahora.com, info@rendersahora.com, info@rendersahora.com, info@rendersahora.com, info@rendersahora.com
Barcelona,http://sicat.cat/?utm_campaign=paginasamarillas&utm_source=paginasamarillas&utm_medium=referral,
Barcelona,http://www.excelius.cat?utm_campaign=paginasamarillas&utm_source=paginasamarillas&utm_medium=referral,vullsabermes@excelius.cat, vullsabermes@excelius.cat
Barcelona,https://siecom.cat/,
Barcelona,https://milleniumcentre.es/,info@milleniumcentre.es, info@milleniumcentre.es
Barcelona,http://www.vanadys.com?utm_campaign=paginasamarillas&utm_source=paginasamarillas&utm_medium=referral,
Barcelona,https://dimobileonline.com/,info@dimobileonline.com, info@dimobileonline.com
Barcelona,https://ferconvallados.com,info@ferconvallados.com, info@ferconvallados.com, info@ferconvallados.com, daniel@ferconvallados.com, miguel@ferconvallados.com
Barcelona,http://www.barrel.cloud?utm_campaign=paginasamarillas&utm_source=paginasamarillas&utm_medium=referral,support@themesbrand.com
Barcelona,https://www.mobileplustecnology.es/,mobileplustecnology@gmail.com, mobileplustecnology@gmail.com, mobileplustecnology@gmail.com, mobileplustecnology@gmail.com, mobileplustecnology@gmail.com, mobileplustecnology@gmail.com, mobileplustecnology@gmail.com
Barcelona,http://www.mpaymentss.com?utm_campaign=paginasamarillas&utm_source=paginasamarillas&utm_medium=referral,info@mpservices.com, info@mpservices.com, info@mpservices.com
Barcelona,https://outder.app,
Barcelona,http://www.mantenimientovip.com?utm_campaign=paginasamarillas&utm_source=paginasamarillas&utm_medium=referral,info@mantenimientovip.com, info@mantenimientovip.com
Barcelona,http://www.accensit.com?utm_campaign=paginasamarillas&utm_source=paginasamarillas&utm_medium=referral,
Barcelona,http://www.felixpenya.com?utm_campaign=paginasamarillas&utm_source=paginasamarillas&utm_medium=referral,info@felixpenya.com, info@felixpenya.com, info@felixpenya.com, info@felixpenya.com, info@felixpenya.com
Barcelona,http://www.insmasol.com?utm_campaign=paginasamarillas&utm_source=paginasamarillas&utm_medium=referral,info@insmasol.com, info@insmasol.com, info@insmasol.com, info@insmasol.com, info@insmasol.com, tecnica@insmasol.com, tecnica@insmasol.com, info@insmasol.com
Barcelona,https://www.espritec.es/es_ES/Home,espritec@pec.it
Barcelona,https://www.myuste.com,myuste@myuste.com, myuste@myuste.com
Barcelona,http://www.vanadys.com?utm_campaign=paginasamarillas&utm_source=paginasamarillas&utm_medium=referral,
Barcelona,http://www.datemgroup.com?utm_campaign=paginasamarillas&utm_source=paginasamarillas&utm_medium=referral,xavier.bartolome@datemgroup.com
Barcelona,https://www.h2i2t.com/,info@h2i2t.com, info@h2i2t.com, info@h2i2t.com
Barcelona,https://ferconvallados.com,info@ferconvallados.com, info@ferconvallados.com, info@ferconvallados.com, daniel@ferconvallados.com, miguel@ferconvallados.com
Barcelona,https://adamo.es/,
Barcelona,https://www.antares-sci.com/,info@antares-sci.com, info@antares-sci.com, info@antares-sci.com, antares@antares-sistemas.com, info@antares-sci.com, antares@antares-sistemas.com, info@antares-sci.com, info@antares-sci.com, antares@antares-sistemas.com, antares@antares-sistemas.com
Barcelona,https://siecom.cat/,
Barcelona,https://milleniumcentre.es/,info@milleniumcentre.es, info@milleniumcentre.es
